Workbook

Sheet Products
C2: Products
A3: ProductID | B3: Product | C3: Price | D3: 6.Ordered/Not Ordered
A4: 101 | B4: ProductA | C4: 120 | D4: =IF(ISNA(VLOOKUP(A4,Orders!$B$3:$B$9,1,0)),"Not Ordered","Ordered") -> Ordered
A5: 102 | B5: ProductB | C5: 150 | D5: =IF(ISNA(VLOOKUP(A5,Orders!$B$3:$B$9,1,0)),"Not Ordered","Ordered") -> Ordered
A6: 103 | B6: ProductC | C6: 200 | D6: =IF(ISNA(VLOOKUP(A6,Orders!$B$3:$B$9,1,0)),"Not Ordered","Ordered") -> Ordered
A7: 104 | B7: ProductD | C7: 90 | D7: =IF(ISNA(VLOOKUP(A7,Orders!$B$3:$B$9,1,0)),"Not Ordered","Ordered") -> Ordered
A8: 105 | B8: ProductE | C8: 220 | D8: =IF(ISNA(VLOOKUP(A8,Orders!$B$3:$B$9,1,0)),"Not Ordered","Ordered") -> Ordered
A9: 106 | B9: ProductF | C9: 130 | D9: =IF(ISNA(VLOOKUP(A9,Orders!$B$3:$B$9,1,0)),"Not Ordered","Ordered") -> Ordered
A10: 108 | B10: ProductH | C10: 200 | D10: =IF(ISNA(VLOOKUP(A10,Orders!$B$3:$B$9,1,0)),"Not Ordered","Ordered") -> Not Ordered

Sheet Orders
E2: Orders | K2: 1. Use VLOOKUP to find the product names for each ProductID in the Orders worksheet.
A3: OrderID | B3: ProductID | C3: Product Name | D3: Price | E3: Quantity | F3: 2.Total Price | G3: 3.Prod/Present/Not | H3: 4.Discounted Price
A4: 1 | B4: 101 | C4: =VLOOKUP(B4,Products!$A$3:$C$9,2,0) -> ProductA | D4: =VLOOKUP(B4,Products!$A$3:$C$9,3,0) -> 120 | E4: 2 | F4: =D4*E4 -> 240 | G4: =IF(ISNA(VLOOKUP(B4,Products!$A$4:$A$11,1,0)), "No","Yes") -> Yes | H4: =F4-F4*10% -> 216 | L4: 103 | M4: =VLOOKUP(L4,B4:C9,2,0) -> ProductC
A5: 2 | B5: 103 | C5: =VLOOKUP(B5,Products!$A$3:$C$9,2,0) -> ProductC | D5: =VLOOKUP(B5,Products!$A$3:$C$9,3,0) -> 200 | E5: 1 | F5: =D5*E5 -> 200 | G5: =IF(ISNA(VLOOKUP(B5,Products!$A$4:$A$11,1,0)), "No","Yes") -> Yes | H5: =F5-F5*10% -> 180
A6: 3 | B6: 105 | C6: =VLOOKUP(B6,Products!$A$3:$C$9,2,0) -> ProductE | D6: =VLOOKUP(B6,Products!$A$3:$C$9,3,0) -> 220 | E6: 4 | F6: =D6*E6 -> 880 | G6: =IF(ISNA(VLOOKUP(B6,Products!$A$4:$A$11,1,0)), "No","Yes") -> Yes | H6: =F6-F6*10% -> 792 | K6: 2.Use VLOOKUP to find the price for each ProductID in the Orders worksheet, then calculate the TotalPrice by multiplying the Quantity by the Product Price.
A7: 4 | B7: 106 | C7: =VLOOKUP(B7,Products!$A$3:$C$9,2,0) -> ProductF | D7: =VLOOKUP(B7,Products!$A$3:$C$9,3,0) -> 130 | E7: 3 | F7: =D7*E7 -> 390 | G7: =IF(ISNA(VLOOKUP(B7,Products!$A$4:$A$11,1,0)), "No","Yes") -> Yes | H7: =F7-F7*10% -> 351
A8: 5 | B8: 102 | C8: =VLOOKUP(B8,Products!$A$3:$C$9,2,0) -> ProductB | D8: =VLOOKUP(B8,Products!$A$3:$C$9,3,0) -> 150 | E8: 5 | F8: =D8*E8 -> 750 | G8: =IF(ISNA(VLOOKUP(B8,Products!$A$4:$A$11,1,0)), "No","Yes") -> Yes | H8: =F8-F8*10% -> 675
A9: 6 | B9: 104 | C9: =VLOOKUP(B9,Products!$A$3:$C$9,2,0) -> ProductD | D9: =VLOOKUP(B9,Products!$A$3:$C$9,3,0) -> 90 | E9: 6 | F9: =D9*E9 -> 540 | G9: =IF(ISNA(VLOOKUP(B9,Products!$A$4:$A$11,1,0)), "No","Yes") -> Yes | H9: =F9-F9*10% -> 486 | K9: 3.Use VLOOKUP to check if there are any ProductIDs in the Orders worksheet that do not exist in the Products worksheet.
A10: 7 | B10: 109 | G10: =IF(ISNA(VLOOKUP(B10,Products!$A$4:$A$11,1,0)), "No","Yes") -> No
K12: 4.Assume a discount of 10% is given on all products. Use VLOOKUP to find the original price and then calculate the discounted price.
F15: 101
F16: 103
F17: 105 | K17: 5.Use VLOOKUP to find the price for each ProductID and then calculate the order value. Find the maximum order value from the list.
F18: 106
F19: 102 | M19: Maxm order value | O19: =MAX(F4:F9) -> 880
F20: 104
K22: 6.Use VLOOKUP to find out which products from the Products worksheet have not been ordered.
N24: # Answer in Product sheet
K27: 7.Use VLOOKUP to find the Product name and summarize the total quantity sold for each product.
M30: ProductID | N30: Product Name | O30: Quantity
M31: 101 | N31: =VLOOKUP(M31,B$4:C$9,2,0) -> ProductA | O31: =SUMIF($B$4:$B$9,M31,$E$4:$E$9) -> 2
M32: 103 | N32: =VLOOKUP(M32,B$4:C$9,2,0) -> ProductC | O32: =SUMIF($B$4:$B$9,M32,$E$4:$E$9) -> 1
M33: 105 | N33: =VLOOKUP(M33,B$4:C$9,2,0) -> ProductE | O33: =SUMIF($B$4:$B$9,M33,$E$4:$E$9) -> 4
M34: 106 | N34: =VLOOKUP(M34,B$4:C$9,2,0) -> ProductF | O34: =SUMIF($B$4:$B$9,M34,$E$4:$E$9) -> 3
M35: 102 | N35: =VLOOKUP(M35,B$4:C$9,2,0) -> ProductB | O35: =SUMIF($B$4:$B$9,M35,$E$4:$E$9) -> 5
M36: 104 | N36: =VLOOKUP(M36,B$4:C$9,2,0) -> ProductD | O36: =SUMIF($B$4:$B$9,M36,$E$4:$E$9) -> 6
